bug.id,revision.id.buggy,revision.id.fixed,revision.date.buggy,revision.date.fixed,report.id,report.url
1,36a1784d52126394afc5963d8139f8933bdd60c9,f5a532d6065e55a1c1082579baa64c786971219d,2005-06-29 20:47:21 +0000,2005-07-04 16:39:26 +0000,IVY-49,https://issues.apache.org/jira/browse/IVY-49
2,c08c2aa005f8b10ab31954dac3efdff88e07f0b5,1a3a2d84a800ee298765cc6aab4acfba7f4a36a2,2005-07-15 05:44:51 +0000,2005-07-21 13:24:44 +0000,IVY-56,https://issues.apache.org/jira/browse/IVY-56
3,1a3a2d84a800ee298765cc6aab4acfba7f4a36a2,4471aa88145d8d351c607bebf31a152db3af51e2,2005-07-21 13:24:44 +0000,2005-08-17 16:29:02 +0000,IVY-59,https://issues.apache.org/jira/browse/IVY-59
4,16975fbcef02d82bdf38bf414147e6f7f31aa0d2,e30bbf4a37609972d7878491940e00c0bc13541f,2005-08-17 17:40:09 +0000,2005-08-17 17:46:07 +0000,IVY-62,https://issues.apache.org/jira/browse/IVY-62
5,09fd49b7d8e1a14c6d2741a1bdfa4f2b3089e199,b1cdd7e326a8913c7ce77d0d0ed40f89e08464aa,2005-08-17 17:56:20 +0000,2005-08-17 18:11:09 +0000,IVY-64,https://issues.apache.org/jira/browse/IVY-64
6,8b877a786d757396a3ae28e346eb48baf68d1297,38ecb80ecd565c3f95796e9b23ca3532a56e3e52,2007-06-13 21:08:14 +0000,2007-06-14 19:36:46 +0000,IVY-65,https://issues.apache.org/jira/browse/IVY-65
7,3d5cec1c8711244183b0e1825071f4c709d6dd48,d63734290b8384bbd22f47df353db966bb84bb6a,2005-10-03 16:03:11 +0000,2005-10-03 16:21:42 +0000,IVY-75,https://issues.apache.org/jira/browse/IVY-75
8,9c621e90fe8691d5632d2065a732e67033a4004e,a2957640c363e2138970cf95bce17329f4c9d919,2005-09-30 13:55:01 +0000,2005-09-30 14:51:53 +0000,IVY-76,https://issues.apache.org/jira/browse/IVY-76
9,e322b36109170fea52f6128753d61638771d0705,9c621e90fe8691d5632d2065a732e67033a4004e,2005-09-29 06:33:18 +0000,2005-09-30 13:55:01 +0000,IVY-84,https://issues.apache.org/jira/browse/IVY-84
10,d81884686a86abdaaa25c5e6b0ebd8d5281a8109,e322b36109170fea52f6128753d61638771d0705,2005-09-21 18:51:25 +0000,2005-09-29 06:33:18 +0000,IVY-85,https://issues.apache.org/jira/browse/IVY-85
11,a2957640c363e2138970cf95bce17329f4c9d919,32154c0466bcc525bbffd5dd87a73ec21128e8b7,2005-09-30 14:51:53 +0000,2005-09-30 15:54:19 +0000,IVY-86,https://issues.apache.org/jira/browse/IVY-86
12,df84eb4918c4079bab0a424d0a6bede660985a63,d8a7bc325189e9115526712c01586a27de6440e0,2008-07-11 22:42:53 +0000,2008-07-20 09:50:36 +0000,IVY-89,https://issues.apache.org/jira/browse/IVY-89
13,c370a753fc0de5b31935e87e98e91f256885bfed,64fcdf5322bc67ae880fb042d8c7a70e4168b69c,2005-10-04 17:23:25 +0000,2005-10-14 15:18:19 +0000,IVY-90,https://issues.apache.org/jira/browse/IVY-90
14,782e1d388f47e2afafc891d3425823a750ad00a0,02f9469044b2a5c8b87dde443839996a730cc3fc,2005-10-20 07:22:57 +0000,2005-10-25 07:18:44 +0000,IVY-94,https://issues.apache.org/jira/browse/IVY-94
15,b8e042f4cd556766f14ea8b8f2a40d021c76b6e7,72b0e0dc4b9d3ebdf169a1d74ae2fd75de959aee,2005-10-26 07:12:08 +0000,2005-10-27 07:20:46 +0000,IVY-97,https://issues.apache.org/jira/browse/IVY-97
16,8d761a4dfd5f9a18e8d80992743c61aeb6a7c067,484e1ee3f2d162a86b79bb66f7052bb3da2dee1a,2008-06-25 10:43:33 +0000,2008-06-25 12:25:25 +0000,IVY-105,https://issues.apache.org/jira/browse/IVY-105
17,8c1397108997eb4a1fc51c1fdb67f1543172825f,4857531fe0f4cd2435d1aa61661e56066d8689c8,2005-12-26 08:57:28 +0000,2005-12-26 09:44:33 +0000,IVY-108,https://issues.apache.org/jira/browse/IVY-108
18,e26114a8fb6e6c7302a072e78dc88ad43979c17e,866ec93bfd5f6331c95c66e19178c9ffc1441ee2,2006-01-03 10:50:08 +0000,2006-01-03 13:51:00 +0000,IVY-112,https://issues.apache.org/jira/browse/IVY-112
19,3081a1b16a2fcb13b7a13bf761d6a625598d0325,e26114a8fb6e6c7302a072e78dc88ad43979c17e,2005-12-30 12:59:32 +0000,2006-01-03 10:50:08 +0000,IVY-116,https://issues.apache.org/jira/browse/IVY-116
20,3696b20b031e4119f67497c24039957771bb73db,69f8b7008c804bf0bcf82d254732cf1d9171d101,2005-12-26 17:21:47 +0000,2005-12-27 09:46:27 +0000,IVY-117,https://issues.apache.org/jira/browse/IVY-117
21,75d346b7eef3c336a8278e76e905db98e878d4d7,0b5ba610445af6ac4e7570fd6da475874ce4db01,2005-12-26 10:18:44 +0000,2005-12-26 11:09:35 +0000,IVY-119,https://issues.apache.org/jira/browse/IVY-119
22,f3fbd8d68cebc487dc62e8f197440ecb2844124a,e1f1aac436232d395fe8dc6444259c49fa585b55,2006-03-30 10:48:29 +0000,2006-03-30 11:01:09 +0000,IVY-123,https://issues.apache.org/jira/browse/IVY-123
23,f49d12bb94679636b5eab7a59f4d86e099f2d771,caa9a8ed4fcd65526bd8100afee329eaabd4d56b,2006-01-11 08:02:19 +0000,2006-01-11 12:19:12 +0000,IVY-126,https://issues.apache.org/jira/browse/IVY-126
24,63b2ea841abd0069145443e5b140148960227b6e,815513f7da72c65034e82236d3203c06d5a18772,2006-01-17 17:38:42 +0000,2006-01-17 17:56:42 +0000,IVY-133,https://issues.apache.org/jira/browse/IVY-133
25,5ef64e17baff7cbcceac09dc31570553ad355efb,f36652ed2d215164537b9652ad7c2d57143bd307,2006-01-24 13:59:40 +0000,2006-01-24 14:17:16 +0000,IVY-149,https://issues.apache.org/jira/browse/IVY-149
26,1e26fb30bdf61675a7b631ff49b95bffb989a15e,343be17bd1ceaaa16b828c4c98e72abf96f13ade,2006-01-24 16:26:07 +0000,2006-01-24 17:42:35 +0000,IVY-150,https://issues.apache.org/jira/browse/IVY-150
27,bf2d9aae3c4b03d6ad42d1257ab742c54467966b,ed940129bfd032da86bd2fdc75e2205ba457a2eb,2006-01-25 14:53:45 +0000,2006-01-25 15:23:16 +0000,IVY-151,https://issues.apache.org/jira/browse/IVY-151
28,d55ed9283104db6e145dfce0970dd6d5f2a91806,5057a8affbea2a970419bdc24bcf556f5cfa16c7,2006-02-28 14:01:01 +0000,2006-02-28 14:36:34 +0000,IVY-153,https://issues.apache.org/jira/browse/IVY-153
29,570057bdb5f6a8af5be000355e1ca8cd1e545770,535c0c34334862d47ad339a99d0933e5eba76ae0,2006-01-27 07:15:52 +0000,2006-01-27 07:53:09 +0000,IVY-157,https://issues.apache.org/jira/browse/IVY-157
30,392e5f46aff8ed8448131976fb904d9d9927be94,4dfab0656fe2e8739aafcdf98cdeb2d10541382c,2006-01-27 09:41:24 +0000,2006-01-30 17:57:44 +0000,IVY-159,https://issues.apache.org/jira/browse/IVY-159
31,d297eaef94117930751130fac9adec934a10023e,0e7eb17fe72237e6e264d21d4d955a7843ea1d2b,2006-01-31 09:26:34 +0000,2006-02-02 07:49:25 +0000,IVY-164,https://issues.apache.org/jira/browse/IVY-164
32,f6c21431b06e1c03b4cd9b440ca471c84992a992,c1b925f1fae99f9fda7e09449b9726fbac99aaa3,2006-02-28 09:40:35 +0000,2006-02-28 11:06:15 +0000,IVY-173,https://issues.apache.org/jira/browse/IVY-173
33,7cb328da7dfa751bcaa99dfecafe5933fb53d4be,b34fdc404f53efeb27725f8e2017711e0eb9255e,2006-02-28 11:50:04 +0000,2006-02-28 12:07:57 +0000,IVY-175,https://issues.apache.org/jira/browse/IVY-175
34,1e19908591da85e378e26b0a99d07406cd878ee1,ff3804849e0badfe6fee032f39dacb577be94c22,2006-02-28 08:52:12 +0000,2006-02-28 09:19:06 +0000,IVY-180,https://issues.apache.org/jira/browse/IVY-180
35,b34fdc404f53efeb27725f8e2017711e0eb9255e,64c1a69c4d5ae173e1743a96ddc2f0f42a130302,2006-02-28 12:07:57 +0000,2006-02-28 13:18:19 +0000,IVY-181,https://issues.apache.org/jira/browse/IVY-181
36,0727e771b8a6669223fc7e1d5af8722eccf2f733,515ce0a9394dfbb03d78080cdfdb0ba0d3b912fb,2006-03-01 11:03:32 +0000,2006-03-01 11:41:18 +0000,IVY-182,https://issues.apache.org/jira/browse/IVY-182
37,df74ca0cd1adf33e1f12c94a6d3f4cadb8b5274e,f002d335494301d96ad22c428126c7b3cf15e09b,2006-03-03 16:03:04 +0000,2006-03-06 15:04:01 +0000,IVY-186,https://issues.apache.org/jira/browse/IVY-186
38,f453f8c7cef4319b79bcac9d08c2296324987fa0,f3fbd8d68cebc487dc62e8f197440ecb2844124a,2006-03-30 09:48:52 +0000,2006-03-30 10:48:29 +0000,IVY-188,https://issues.apache.org/jira/browse/IVY-188
39,e1f1aac436232d395fe8dc6444259c49fa585b55,243defb4c96d911683bc5a2c2b1e630770d49121,2006-03-30 11:01:09 +0000,2006-03-30 11:10:17 +0000,IVY-191,https://issues.apache.org/jira/browse/IVY-191
40,297b84d56d93931833f8448cfef127db24b0266e,66e597b4b19e9bf55e2caf2b1ded420fc39d830e,2006-03-20 17:58:39 +0000,2006-03-20 18:13:43 +0000,IVY-193,https://issues.apache.org/jira/browse/IVY-193
41,6788383c418c2423e21c4df30c807365799080e6,ea24e26fb7adbaae8cf668845946f25562386f69,2006-03-20 11:16:39 +0000,2006-03-20 12:55:41 +0000,IVY-195,https://issues.apache.org/jira/browse/IVY-195
42,66e597b4b19e9bf55e2caf2b1ded420fc39d830e,ba93f9a3db44fda15e4afa536701563dc4e67004,2006-03-20 18:13:43 +0000,2006-03-22 11:41:02 +0000,IVY-199,https://issues.apache.org/jira/browse/IVY-199
43,ba93f9a3db44fda15e4afa536701563dc4e67004,f453f8c7cef4319b79bcac9d08c2296324987fa0,2006-03-22 11:41:02 +0000,2006-03-30 09:48:52 +0000,IVY-203,https://issues.apache.org/jira/browse/IVY-203
44,0d07eac1699dfa39048a0edb66e11308669a9961,9022687ce91015634e41e1c528654005df450878,2006-04-05 16:14:11 +0000,2006-04-05 16:15:53 +0000,IVY-206,https://issues.apache.org/jira/browse/IVY-206
45,0fa60bf7fb4b8ad0e341f51c7e9139c37bfd0725,044f73ee5ea8b599c584bd8f8ed81fc0e01bb266,2006-04-13 14:05:57 +0000,2006-04-14 14:21:22 +0000,IVY-214,https://issues.apache.org/jira/browse/IVY-214
46,12e916f9cc4acd533118b5ebfe6645daad6443d8,32038d1bde6ac8ce2a8583264b5d419d0c32aad3,2008-08-28 15:54:58 +0000,2008-08-29 16:24:03 +0000,IVY-232,https://issues.apache.org/jira/browse/IVY-232
47,d46a68f6940ebac2c35685398ebe702d34f044f1,c831dabc6ea286e73243a5f7f06885ab1bbebad0,2006-04-26 14:28:54 +0000,2006-04-26 14:34:41 +0000,IVY-233,https://issues.apache.org/jira/browse/IVY-233
48,93a5c1d354854024b4cc26fc4f02796333d7fae6,f3f8c34137e0f696be9d9341516728af6e3d1a55,2006-04-27 15:15:07 +0000,2006-04-27 15:18:11 +0000,IVY-234,https://issues.apache.org/jira/browse/IVY-234
49,12db47512ab0e60068fb6f39f71983e29e652158,e602a4253164f8e7520d155ab5fd418a6110515e,2006-07-26 19:04:03 +0000,2006-07-28 07:05:24 +0000,IVY-237,https://issues.apache.org/jira/browse/IVY-237
50,b61f5d2ff2487d639ae8d1a86c1acb3b6f4825c8,64d6303154b1c85181c686d0a6e7c0437e5da770,2006-05-04 16:15:37 +0000,2006-05-12 07:45:34 +0000,IVY-239,https://issues.apache.org/jira/browse/IVY-239
51,283a1cfbd20bc5061551d5a829e8ed40ff68c46a,264c88b087962db2a6d690f131e074bd609bd39d,2006-05-03 12:24:13 +0000,2006-05-03 13:33:47 +0000,IVY-240,https://issues.apache.org/jira/browse/IVY-240
52,ab4c8391c438436eacd2d47c536774e56f35975f,91ff7311935be36db522dcf782c25f5815449ed2,2006-05-30 08:23:51 +0000,2006-05-30 12:05:23 +0000,IVY-248,https://issues.apache.org/jira/browse/IVY-248
53,e8c00ea1c65ba6298359fea309487c1319f33431,498f0d206ab6866d635037695a0b8627e0df2499,2006-06-21 11:38:32 +0000,2006-06-21 12:12:00 +0000,IVY-259,https://issues.apache.org/jira/browse/IVY-259
54,f262e0980eb6bc9d1a298da5e91ede3bf63f0e24,36853987d19bf9fbc18d7eae907d7d1db285d75f,2006-08-23 21:44:31 +0000,2006-08-24 00:49:51 +0000,IVY-261,https://issues.apache.org/jira/browse/IVY-261
55,2bca1ebb6265ec9bdcf267526be79989766cb61f,06d37eb1d79845f5a050b5deeda466771ba1c202,2006-09-03 22:36:48 +0000,2006-09-03 23:31:47 +0000,IVY-262,https://issues.apache.org/jira/browse/IVY-262
56,b0492806a9db818bdfe71a09a9612d1715ab61de,bcdf93d304e2f2af36e2e21d595b347159a56ee1,2008-04-08 21:17:48 +0000,2008-04-09 22:08:49 +0000,IVY-272,https://issues.apache.org/jira/browse/IVY-272
57,6d54418d10508962e56a1f1a11042011ea24dfee,f2bf642c9580d9fa982e1d94e6021fc72e4bf932,2006-08-31 02:25:30 +0000,2006-08-31 13:00:20 +0000,IVY-284,https://issues.apache.org/jira/browse/IVY-284
58,911126ddebad2b0d44dd71be4f295df968dff652,1a7a3fd2c9694d301b26f7ad3005b7454b6034ee,2006-09-06 20:32:07 +0000,2006-09-07 13:49:19 +0000,IVY-288,https://issues.apache.org/jira/browse/IVY-288
59,1c28714c8cdce0831ffa79d5c60e59ab019fff97,911126ddebad2b0d44dd71be4f295df968dff652,2006-09-06 17:22:54 +0000,2006-09-06 20:32:07 +0000,IVY-289,https://issues.apache.org/jira/browse/IVY-289
60,fb7a8d6ff52d38ad5645a944c0972a50dbfe07dd,b922c60a5348dc1298abc783aecaea05c726fccb,2006-09-08 04:00:54 +0000,2006-09-10 14:25:43 +0000,IVY-291,https://issues.apache.org/jira/browse/IVY-291
61,2f684692122f9e355ad3e3a07fd345edb5f42e1b,ac7b409d4c2977e79e88d8f73e0664bded36d94d,2006-09-14 02:01:18 +0000,2006-09-14 02:09:15 +0000,IVY-292,https://issues.apache.org/jira/browse/IVY-292
62,6fac855ab9f475f358f822bdc804761dc0416bb0,4f90aabb2e16bc3ac2daf5da1356a64ab0742ebf,2006-09-12 13:51:50 +0000,2006-09-13 10:55:58 +0000,IVY-293,https://issues.apache.org/jira/browse/IVY-293
63,7a6e2c395cee5497692b792d8b338f5cf09a7555,3dda7307074c90e1d7296cf27e3d653ed27d0608,2006-09-14 19:46:46 +0000,2006-09-15 12:23:34 +0000,IVY-296,https://issues.apache.org/jira/browse/IVY-296
64,684390945827f4da046c001c4a11811964d62728,b171f483a03d13286107106982dfb4b5ab1a9979,2006-09-18 14:38:41 +0000,2006-09-19 03:24:08 +0000,IVY-303,https://issues.apache.org/jira/browse/IVY-303
65,8b23890c612cd818f0ea037e3b989d8f084c41a5,9f5ded018109c851760a08a4c25c96f2f0b7f039,2006-11-02 14:07:32 +0000,2006-11-02 15:31:13 +0000,IVY-304,https://issues.apache.org/jira/browse/IVY-304
66,40aab4b627a26d461a9da8b2aaf50923baf0d667,6f5090272f1f4129db2adc2d14b07150152224b3,2006-09-23 14:31:14 +0000,2006-09-25 14:24:17 +0000,IVY-311,https://issues.apache.org/jira/browse/IVY-311
67,b4176eefbab4b4b1290a5f9f4c6ca57a09c5af31,3c1dedc704313c610cbd3c3431e6afc4fd6daf30,2006-10-13 17:59:01 +0000,2006-10-13 19:34:23 +0000,IVY-315,https://issues.apache.org/jira/browse/IVY-315
68,2733af3d68c8e7be60fb9be97e9d6c85cce1385c,9e4c6365feca8b658be0fd2053e77577771e6d95,2006-10-25 21:06:48 +0000,2006-10-26 15:53:17 +0000,IVY-318,https://issues.apache.org/jira/browse/IVY-318
69,9e4c6365feca8b658be0fd2053e77577771e6d95,87c95a0528fef03240474d89b645ae0993d50ea2,2006-10-26 15:53:17 +0000,2006-10-27 08:29:31 +0000,IVY-319,https://issues.apache.org/jira/browse/IVY-319
70,9f5ded018109c851760a08a4c25c96f2f0b7f039,7f1e2538b917f4867b762a30febfabc62f2388d3,2006-11-02 15:31:13 +0000,2006-11-08 19:39:42 +0000,IVY-326,https://issues.apache.org/jira/browse/IVY-326
71,3c1dedc704313c610cbd3c3431e6afc4fd6daf30,51fd97589802ae98484dc77ee3cb993ef873908e,2006-10-13 19:34:23 +0000,2006-10-17 09:00:59 +0000,IVY-327,https://issues.apache.org/jira/browse/IVY-327
72,e02f863e28df71a092b58cb7110614e76021ec9b,62df2eba9a9effc160efefc8e7f50c6fa3dc41b5,2006-10-23 20:39:55 +0000,2006-10-25 10:15:10 +0000,IVY-331,https://issues.apache.org/jira/browse/IVY-331
73,02979734b85a040bdb2b3bba456e024cd0262098,ef0e3797ad9e410b445e608e7b0e7593fe68a7a5,2007-01-06 11:49:07 +0000,2007-01-06 12:11:11 +0000,IVY-350,https://issues.apache.org/jira/browse/IVY-350
74,794066bd8a2666ef7fd1e1e22f4c48295a6fee9d,10b00b578d67219dea8bf6b24e37d370dfd263e8,2007-02-23 09:30:04 +0000,2007-02-23 09:50:53 +0000,IVY-355,https://issues.apache.org/jira/browse/IVY-355
75,b2c432a9c9c35cb80552918aa2f6c795eba89757,8bc2bf074a3f448b17069bad07d842f40abd1ff6,2007-01-03 18:56:00 +0000,2007-01-04 22:38:49 +0000,IVY-371,https://issues.apache.org/jira/browse/IVY-371
76,a76db99d17dd5f26066189b75da592cd6e0b14e3,690af97adf76e350576032cbe221f7ee7b32e42e,2007-03-26 14:10:18 +0000,2007-03-26 15:27:41 +0000,IVY-374,https://issues.apache.org/jira/browse/IVY-374
77,10b00b578d67219dea8bf6b24e37d370dfd263e8,7d3dd9e3aedbb664c4cbf76c1a09c963798fee6f,2007-02-23 09:50:53 +0000,2007-02-23 10:09:13 +0000,IVY-379,https://issues.apache.org/jira/browse/IVY-379
78,4e74e8db62133396586f26563f3343745a672aeb,2e6870ab9ae5fa2e84dd8ea1167ad0e18c0c0196,2007-02-22 21:40:08 +0000,2007-02-23 08:52:49 +0000,IVY-383,https://issues.apache.org/jira/browse/IVY-383
79,17ecf9e7e418a6236f0f9308444e0c926f89946e,2a617e6572d47292f26de86cf1ec0b4cc877e50b,2008-01-03 16:19:13 +0000,2008-01-03 18:51:26 +0000,IVY-389,https://issues.apache.org/jira/browse/IVY-389
80,1224f28a1d30f72eb932c4f196e40e570b7fa521,33625d900186b4bce99993d22db46d9d5ae2205a,2007-01-13 23:27:42 +0000,2007-01-16 22:55:44 +0000,IVY-392,https://issues.apache.org/jira/browse/IVY-392
81,a88affa5d367213c0c213655fa9d22ee287d5c3d,f69b5cbe89479333315764e56d9d658b4882c2d4,2007-05-22 07:07:03 +0000,2007-05-22 22:41:55 +0000,IVY-400,https://issues.apache.org/jira/browse/IVY-400
82,07ef9359ee489d1505c030f9e101167555979c7e,070d96f02b22a2a280c9a43925a3c9cb9b18b2a9,2007-03-02 10:30:41 +0000,2007-03-02 10:43:20 +0000,IVY-404,https://issues.apache.org/jira/browse/IVY-404
83,de07bb13f0a395c2c9b7469b13736e0212eebcca,7126e673ceb6ff1fbac0ad53f82b268685cee9ff,2007-03-08 10:15:36 +0000,2007-03-08 11:14:01 +0000,IVY-422,https://issues.apache.org/jira/browse/IVY-422
84,420b771853eabbb3a3f5fa0ad16746862c979ae7,e02041fba5531f64c5c899bd39445087e25d12d4,2007-03-08 12:32:46 +0000,2007-03-08 13:06:16 +0000,IVY-423,https://issues.apache.org/jira/browse/IVY-423
85,b64be5e6c4fd5bdaa0000af9d103a5b797049cd5,bdf6cd438b812f2c333498200467bf1c62186192,2007-03-08 14:19:45 +0000,2007-03-08 15:22:54 +0000,IVY-425,https://issues.apache.org/jira/browse/IVY-425
86,77680e867c18a49a1c6bdca290434b0d565dc8c0,f9190252b27cbf5700c1c35071dd980771614feb,2007-03-18 23:08:16 +0000,2007-03-18 23:38:23 +0000,IVY-427,https://issues.apache.org/jira/browse/IVY-427
87,009ff2d036b523ce5bdef4517c7b3d86ef67aeff,3734d6da5deeda8ef852e0a3947ad436f98ce92f,2007-03-08 21:43:49 +0000,2007-03-08 22:39:03 +0000,IVY-429,https://issues.apache.org/jira/browse/IVY-429
88,34f4d7a7d73cbbaaf3f0a9e79036a1a8179f27d8,7ad46005f354f95c16000ccffd036604bf570106,2007-04-30 23:07:07 +0000,2007-05-01 10:18:49 +0000,IVY-430,https://issues.apache.org/jira/browse/IVY-430
89,05fb514be9793184c312f0d095847ffc46ead21e,77680e867c18a49a1c6bdca290434b0d565dc8c0,2007-03-17 16:17:43 +0000,2007-03-18 23:08:16 +0000,IVY-435,https://issues.apache.org/jira/browse/IVY-435
90,be2a58b8c18ba44df4bfd7ee6e99e95e506bdc6a,f5631f982122ffaceffaf623e5ae2f6883a16139,2007-03-16 16:33:34 +0000,2007-03-17 10:05:03 +0000,IVY-436,https://issues.apache.org/jira/browse/IVY-436
91,945313a13f2c721502f4b71dcfdf2d9f22a3e4b1,b1249fa0c50a9dcfde2ed296b5d478b0cce614cf,2008-08-26 09:59:29 +0000,2008-08-26 11:13:23 +0000,IVY-440,https://issues.apache.org/jira/browse/IVY-440
92,0688be057a94be50f47de8cc867de004337d339c,feb0d2f4d8fd3a5e50bb1769c14fc6034aefcdc0,2007-03-22 16:46:23 +0000,2007-03-22 22:22:07 +0000,IVY-442,https://issues.apache.org/jira/browse/IVY-442
93,89574baa05c3fde6bcda2ffb6b5dfeba080db0c6,2c932d1af2182f60a8629fc8059c3681e9ede9ac,2007-03-23 23:23:50 +0000,2007-03-26 09:48:54 +0000,IVY-448,https://issues.apache.org/jira/browse/IVY-448
94,f43c00cdc70ff0b31553d55141ddd6002f27f6f6,06d01a0834070c4c0939d3ebfdcd118a3ab38150,2007-03-30 17:22:21 +0000,2007-03-30 17:42:23 +0000,IVY-457,https://issues.apache.org/jira/browse/IVY-457
95,900ad6b63ceaa65985bd7ae158b04035020ee18d,e3d906cf02833a21e7092cb2bffbb6e26d89553c,2008-04-04 14:40:20 +0000,2008-04-04 15:41:36 +0000,IVY-465,https://issues.apache.org/jira/browse/IVY-465
96,9413720aaa78111ecd0f1a786f49d1030cb2a023,7de83722fc38ed3456a6825ba721d38eba19f1aa,2007-12-07 22:28:24 +0000,2007-12-07 23:25:36 +0000,IVY-471,https://issues.apache.org/jira/browse/IVY-471
97,62dc7e84ef2e8bd9ac38162d72d22e061229efa2,27170b5ef294fc8c639249d74bb5b27776a445d6,2007-12-06 22:50:00 +0000,2007-12-06 23:17:05 +0000,IVY-474,https://issues.apache.org/jira/browse/IVY-474
98,a1514c5cd6342571464ad686d14474101c97960d,f8a3e4edbe8eb96e428c7ba647f6b14555d9d68f,2007-05-10 21:38:50 +0000,2007-05-10 22:20:57 +0000,IVY-477,https://issues.apache.org/jira/browse/IVY-477
99,ff3e85f48eda61748e495be2acd47d6d8aa943dc,4166ccbbb4a9a553b76148bf53380b450d444cbc,2007-04-28 21:51:29 +0000,2007-04-30 18:02:12 +0000,IVY-486,https://issues.apache.org/jira/browse/IVY-486
100,4166ccbbb4a9a553b76148bf53380b450d444cbc,34f4d7a7d73cbbaaf3f0a9e79036a1a8179f27d8,2007-04-30 18:02:12 +0000,2007-04-30 23:07:07 +0000,IVY-489,https://issues.apache.org/jira/browse/IVY-489
101,44eb6dd313ff3631e59dfece7b735143b874f6ef,523be0566f25a8b12273c94deede09cf13c4967b,2007-06-11 21:27:32 +0000,2007-06-11 22:22:30 +0000,IVY-494,https://issues.apache.org/jira/browse/IVY-494
102,f8a3e4edbe8eb96e428c7ba647f6b14555d9d68f,1a89989477047546285718922b74d1c821e7d153,2007-05-10 22:20:57 +0000,2007-05-12 10:37:26 +0000,IVY-500,https://issues.apache.org/jira/browse/IVY-500
103,9858e60e24894824bd4450ebb9e68db0ea12c520,9b08d0f9d1eb159322e8d456f1ff5e647925c8c7,2008-04-03 14:26:27 +0000,2008-04-03 16:22:47 +0000,IVY-501,https://issues.apache.org/jira/browse/IVY-501
104,1a89989477047546285718922b74d1c821e7d153,992f1dc9b3a3b8516288278216e6bba643df6a14,2007-05-12 10:37:26 +0000,2007-05-12 13:11:16 +0000,IVY-502,https://issues.apache.org/jira/browse/IVY-502
105,1eb40935fd2e83b6e99f554d2498802a4ba9a9f9,2f039bd72de99f79ca8c70e40fae0a81e7c2645e,2007-05-13 18:56:18 +0000,2007-05-14 10:11:09 +0000,IVY-507,https://issues.apache.org/jira/browse/IVY-507
106,f73cbde14dcdf11cb94044b76bba6ffe610bbbe4,38326aa020ae46f5cfb542dcfb138c45ef0d0469,2007-05-30 19:49:43 +0000,2007-05-30 20:39:19 +0000,IVY-517,https://issues.apache.org/jira/browse/IVY-517
107,74bda78268904dbfe56bf8b1ad7543c39aadf02a,3d4c5026d5ee0d3d1c5a187ceafc29555437dcdf,2007-07-05 15:24:33 +0000,2007-07-05 22:04:11 +0000,IVY-520,https://issues.apache.org/jira/browse/IVY-520
108,2a340a4466e6d20c67e35bab3ea4fac22b18c407,16e09da969287a932519aefec46bef4be74f3f94,2007-06-11 16:49:01 +0000,2007-06-11 21:21:01 +0000,IVY-524,https://issues.apache.org/jira/browse/IVY-524
109,8a4cc1031e46f5d3537fab3bcf5ec89663372539,563e233cf21fe5fe47c77ed2b52052cfc32a8487,2007-09-21 13:06:01 +0000,2007-09-21 14:42:25 +0000,IVY-529,https://issues.apache.org/jira/browse/IVY-529
110,f2710413f0d9d2209d4688ceb421e700fa57a990,56c3991ddafc2ec189b159cdaebabede72040ba4,2008-04-04 20:56:22 +0000,2008-04-05 08:08:21 +0000,IVY-537,https://issues.apache.org/jira/browse/IVY-537
111,484e1ee3f2d162a86b79bb66f7052bb3da2dee1a,a08090fced6c930a3b532b5440b14ec8602a8f98,2008-06-25 12:25:25 +0000,2008-06-25 13:26:03 +0000,IVY-541,https://issues.apache.org/jira/browse/IVY-541
112,de4c40a91b9e7a7a46ddd1e78b8a5e55dc9ca698,152229433b57b9d97439dc4394df934f2790221f,2007-06-28 21:28:44 +0000,2007-06-29 09:43:27 +0000,IVY-550,https://issues.apache.org/jira/browse/IVY-550
113,e5cfc6c9de6fc00e8468e06946120d72251c8f99,71ddda217815019e3d29b8458e9a1a05da3eee55,2008-07-09 14:31:19 +0000,2008-07-09 15:30:03 +0000,IVY-578,https://issues.apache.org/jira/browse/IVY-578
114,46d0f311d643434537621c02c9ea1a659fd607ca,3dae56f75847b83067b592e538ac1643b29ca6ed,2007-07-20 09:32:34 +0000,2007-07-27 15:10:24 +0000,IVY-583,https://issues.apache.org/jira/browse/IVY-583
115,5d7f94f8d43e127729241c3c4fff42360aa5566c,9bf25f5b4c33634393fedc8f97d6ffd53480f548,2007-08-30 20:08:05 +0000,2007-08-30 20:20:17 +0000,IVY-590,https://issues.apache.org/jira/browse/IVY-590
116,af395c546ec2e331e5ad70ad7601a2711aed962f,05aad8f60f29be97aae99288775dc6240307bc5c,2008-04-03 16:36:14 +0000,2008-04-03 16:45:44 +0000,IVY-592,https://issues.apache.org/jira/browse/IVY-592
117,b0d32e4b79ec06ee7d9ef1162540d7f03532fa7e,bc4d178e961b1b40f3f99c856d7d1168c8238f1c,2008-03-27 16:58:52 +0000,2008-03-28 11:11:06 +0000,IVY-595,https://issues.apache.org/jira/browse/IVY-595
118,53ea4471bedb4315d811af64b293c3df6ab06958,e81026fb1adabf63ec49d0cc791409f92607bd28,2007-08-30 20:44:50 +0000,2007-09-06 17:07:31 +0000,IVY-602,https://issues.apache.org/jira/browse/IVY-602
119,1d47acc429cc00ac1e30c6baf4e39b668139f91a,6b79a9678736eb999c8dd694e5397cc941ad7797,2007-09-18 20:42:28 +0000,2007-09-20 12:09:00 +0000,IVY-603,https://issues.apache.org/jira/browse/IVY-603
120,f3f56d4f8fcae17bbf5090f296fb378b8b2f5485,432667055624868bcf5e50f562ed79350acadc8b,2007-09-26 05:33:51 +0000,2007-09-27 22:00:10 +0000,IVY-610,https://issues.apache.org/jira/browse/IVY-610
121,30c289a07783c0f86f6cc7b5cacdbaf7f89578ac,cc7dab6e43fa189dc2e62ed0425bde14fd5fc1c1,2007-10-09 08:00:23 +0000,2007-10-10 21:22:05 +0000,IVY-620,https://issues.apache.org/jira/browse/IVY-620
122,1163a9a0481f34ad637b7879b9287feadb047f7a,d2a2deec90c5335b87376eebd68af9986cd3071e,2007-10-21 08:41:51 +0000,2007-10-21 19:09:00 +0000,IVY-624,https://issues.apache.org/jira/browse/IVY-624
123,53ca923495e8c4c4a319b1dc05c9b51d035b8134,41a824e349b48eed614b70fd66ee6c5a850c2352,2007-11-05 20:19:08 +0000,2007-11-11 22:06:07 +0000,IVY-630,https://issues.apache.org/jira/browse/IVY-630
124,7a04633175bde511feb9f9a552f13272c9bf4cd3,556f3174c88d4b50c54d02d073c0107a7a76fc2b,2007-11-04 21:46:39 +0000,2007-11-05 10:18:06 +0000,IVY-631,https://issues.apache.org/jira/browse/IVY-631
125,4aea7394e945940b23ee0b4ef444030e12316643,291a576a53a0c1b4e9c3ec7c75d3a548d09847a3,2008-05-16 20:54:03 +0000,2008-05-18 22:25:23 +0000,IVY-633,https://issues.apache.org/jira/browse/IVY-633
126,28b71bd41d8724575b6ef239890682a923c2cc86,e4e4441498c8955a042145b0b2357f3034add226,2008-08-05 21:45:49 +0000,2008-08-05 22:45:50 +0000,IVY-652,https://issues.apache.org/jira/browse/IVY-652
127,547691c621d6cf7c9ceab9c90d2097a35e79c1db,8bbf8370c328e75d8e926fea9a114178a708db28,2008-06-25 14:40:30 +0000,2008-06-25 15:16:31 +0000,IVY-656,https://issues.apache.org/jira/browse/IVY-656
128,a1b57317786f000ce33cc8348eadc0508cc06358,6e9213054338791936d7211c1049d731f9980ba8,2007-12-07 00:37:48 +0000,2007-12-07 08:40:56 +0000,IVY-659,https://issues.apache.org/jira/browse/IVY-659
129,d31db960ee61e50c8ea5067a6cf876b426f0e313,c208ca8d43b0c7fbd2ca517763faeadec8a6b7e3,2008-08-06 09:39:32 +0000,2008-08-06 22:46:07 +0000,IVY-661,https://issues.apache.org/jira/browse/IVY-661
130,eb3241e4ddbdafd9687c3b81e8886245c4642286,25987cad1d8be02b4b321ce06b23ffdf36cf2f5a,2007-12-07 19:59:56 +0000,2007-12-07 20:13:50 +0000,IVY-663,https://issues.apache.org/jira/browse/IVY-663
131,56c3991ddafc2ec189b159cdaebabede72040ba4,8b9280c8ab2b26ca717c5aaa0b82352f8dcf130f,2008-04-05 08:08:21 +0000,2008-04-05 08:56:51 +0000,IVY-681,https://issues.apache.org/jira/browse/IVY-681
132,5e0e08b2b108d7847135abad5498aec9d9441a20,acae06553b031b258e47d585e26909fb5d05009a,2007-12-19 17:21:47 +0000,2007-12-22 15:01:54 +0000,IVY-682,https://issues.apache.org/jira/browse/IVY-682
133,b70c75229f493f173b36dc7fb0b6468b2726c0ae,54c75983ede72a788285cf7189f4b561a0608748,2008-02-19 19:23:11 +0000,2008-02-19 20:22:51 +0000,IVY-683,https://issues.apache.org/jira/browse/IVY-683
134,e94b444bb38f3e31e283dc0622f1e466dd2f3144,320a562244c9139a129f83addb7e93e8d4d0fdb0,2008-02-04 20:28:45 +0000,2008-02-04 21:24:17 +0000,IVY-690,https://issues.apache.org/jira/browse/IVY-690
135,78ea8d986304b8e0a7d114d6d3c2c940b5142d25,388a0d944f817639f9fed0b81ea185feb722e73e,2008-01-05 01:12:10 +0000,2008-01-05 01:13:22 +0000,IVY-692,https://issues.apache.org/jira/browse/IVY-692
136,a339cb5c24f38115e0910f2ebdd11189001f7725,f1f9a7950e61a457a51aa9c617c99a22917b306a,2008-01-05 13:47:31 +0000,2008-01-05 16:37:19 +0000,IVY-693,https://issues.apache.org/jira/browse/IVY-693
137,32ad598b3b6d5d1bba723620abbafbe07f8d4793,f13e910f90a138f05c3ecbd775701c6a6b51a5d5,2008-03-04 17:11:57 +0000,2008-03-04 17:49:10 +0000,IVY-696,https://issues.apache.org/jira/browse/IVY-696
138,32c182c2d826c10ac17ad04c28ad4e37cd4a733e,cc28a242d0042076f20e6e237fba438b572d0a89,2008-01-15 17:45:26 +0000,2008-01-15 17:54:25 +0000,IVY-701,https://issues.apache.org/jira/browse/IVY-701
139,810b101e8e7701d21e4fd5b152d6de7fa8d42fe8,a8e22c5d18eaccc539f266df5e5a8f4ae52ea1ef,2008-08-25 13:31:28 +0000,2008-08-25 14:51:26 +0000,IVY-707,https://issues.apache.org/jira/browse/IVY-707
140,3de3a5e0b406e66376c66ba93bdfffacd0c8359f,ea33beff535a67023a743bbade1127bde66191ee,2008-01-18 15:43:02 +0000,2008-01-21 08:38:41 +0000,IVY-709,https://issues.apache.org/jira/browse/IVY-709
141,ea33beff535a67023a743bbade1127bde66191ee,c88d4466b154dfb60b76b411761d3df79679b63b,2008-01-21 08:38:41 +0000,2008-01-21 08:43:28 +0000,IVY-710,https://issues.apache.org/jira/browse/IVY-710
142,cf410674e479de4a935e83a9dbdd09b6d3c702dd,3c1c7dd449321c3e8951438b052bdc674e3b2d65,2008-01-26 11:33:09 +0000,2008-01-26 11:37:13 +0000,IVY-712,https://issues.apache.org/jira/browse/IVY-712
143,54c75983ede72a788285cf7189f4b561a0608748,0885d905ba08b85081768a58b0e1b8a6a1309e6f,2008-02-19 20:22:51 +0000,2008-02-19 20:38:33 +0000,IVY-714,https://issues.apache.org/jira/browse/IVY-714
144,f3fa2da056c709cb570740c0390682bef8be60a4,66310f553103e515ab41aa573aaf2e4101efa635,2008-03-17 22:12:58 +0000,2008-03-18 22:13:04 +0000,IVY-716,https://issues.apache.org/jira/browse/IVY-716
145,f97ecea7e1d6d9884884f2a445c3bbdd17bbd916,b44da9ac7e91ecc9e0e2130ca7fef06c4904e68b,2008-02-29 16:40:52 +0000,2008-02-29 17:32:23 +0000,IVY-717,https://issues.apache.org/jira/browse/IVY-717
146,b4bb16127df2e411e8a186b9f127b73b27a6d406,9a234fafba14479522a7a6b45282b41215c41a01,2008-02-07 17:22:12 +0000,2008-02-07 17:50:09 +0000,IVY-720,https://issues.apache.org/jira/browse/IVY-720
147,73c50660749312558b258fee0b6eef84acb3c6c0,02b81d84088e4f7a88fb1a85f76787585c520e0e,2008-02-06 07:05:58 +0000,2008-02-07 13:58:21 +0000,IVY-724,https://issues.apache.org/jira/browse/IVY-724
148,8e44cdd0a23320ea88f6d9f03685026086a3e506,b4bb16127df2e411e8a186b9f127b73b27a6d406,2008-02-07 14:28:09 +0000,2008-02-07 17:22:12 +0000,IVY-726,https://issues.apache.org/jira/browse/IVY-726
149,e7fa28dbed202d49c18f130938d450ca11f9651a,474c321dfbf17395ae09889384223f0f74c74057,2008-02-08 17:03:25 +0000,2008-02-08 17:17:07 +0000,IVY-728,https://issues.apache.org/jira/browse/IVY-728
150,04291af0afd3f393310cfb5f6b30c1e533bb2d16,30d4b7bd496feaca6b37d23569fceff1738a643a,2008-02-07 18:03:12 +0000,2008-02-08 17:00:10 +0000,IVY-729,https://issues.apache.org/jira/browse/IVY-729
151,4527644640e4c335345d13dbc23aa418a46736b8,bf5d8de222878e3dc81a16cc98a28f9a9194b74b,2008-03-28 16:19:23 +0000,2008-03-28 22:10:53 +0000,IVY-731,https://issues.apache.org/jira/browse/IVY-731
152,dfbb7282f1d0db74245179d138bb147b7b1e887d,547691c621d6cf7c9ceab9c90d2097a35e79c1db,2008-06-25 14:32:22 +0000,2008-06-25 14:40:30 +0000,IVY-733,https://issues.apache.org/jira/browse/IVY-733
153,4ca6b16dfea23c346cf0576a4d606b77a272fef5,416bc3ab8fb1771f8d5e0acae7c7c2aa7ac3776f,2008-02-29 11:52:22 +0000,2008-02-29 12:03:19 +0000,IVY-737,https://issues.apache.org/jira/browse/IVY-737
154,aac02075fbfe75f47e0a8f7b491c7fbcecb79eb9,3e5b60de4f90c3cffc88e3df769bb4531c0dc89e,2008-03-10 20:49:51 +0000,2008-03-10 21:10:48 +0000,IVY-743,https://issues.apache.org/jira/browse/IVY-743
155,b0237ff734aaaa56a6637cf21a170c68f0e8dd74,675270c475e5425eddd4e528b87f88c67dbf6aec,2008-03-07 12:56:48 +0000,2008-03-07 13:41:13 +0000,IVY-759,https://issues.apache.org/jira/browse/IVY-759
156,66310f553103e515ab41aa573aaf2e4101efa635,51219169df2367a8cc1b4a612b6c9d569c29173e,2008-03-18 22:13:04 +0000,2008-03-18 22:53:31 +0000,IVY-776,https://issues.apache.org/jira/browse/IVY-776
157,d22a34755c3507c4518d0748f61cff13d838afe1,47756f7570b35a1af39e44309cf2750a53beb5c5,2008-03-28 22:16:34 +0000,2008-03-28 23:24:38 +0000,IVY-778,https://issues.apache.org/jira/browse/IVY-778
158,23845fd28cbb22f97d0ff90ac6d37db20d356172,030f1a0b11b02d96991bfeeb46c8b07743186817,2008-03-31 20:38:07 +0000,2008-03-31 22:15:41 +0000,IVY-779,https://issues.apache.org/jira/browse/IVY-779
159,88004447d956a97b0e1765c73ae7649029dc87a2,fe05cf44d3eb2f00fde5c75d60079d34743c9a48,2008-04-03 22:54:57 +0000,2008-04-04 13:12:42 +0000,IVY-787,https://issues.apache.org/jira/browse/IVY-787
160,00a8bdf9558db57503b24baa48146cbe7caa7fd1,f2710413f0d9d2209d4688ceb421e700fa57a990,2008-04-04 16:52:11 +0000,2008-04-04 20:56:22 +0000,IVY-791,https://issues.apache.org/jira/browse/IVY-791
161,a3660872d9e95162902ee8ad9baf118b67054a67,3b753d0c96420a2cc9eb966fa969d3bbee017a67,2008-05-29 12:37:52 +0000,2008-05-29 19:45:24 +0000,IVY-797,https://issues.apache.org/jira/browse/IVY-797
162,fa4664b01c786933af3d45457a1cd3330b4a6f94,d1df7c94e8ae961d42ff7c6896561abc0c151af5,2008-07-28 17:21:32 +0000,2008-07-28 17:33:12 +0000,IVY-803,https://issues.apache.org/jira/browse/IVY-803
163,c8d9bd438d72b4c87f38465f2c34082da22c40ce,72dbe9065eb2c135519ec002f08188d83ae4a231,2008-04-18 19:31:48 +0000,2008-04-21 19:21:49 +0000,IVY-805,https://issues.apache.org/jira/browse/IVY-805
164,72dbe9065eb2c135519ec002f08188d83ae4a231,7de1cecb80ba27488731b0676230288ab6213b75,2008-04-21 19:21:49 +0000,2008-04-25 21:29:14 +0000,IVY-809,https://issues.apache.org/jira/browse/IVY-809
165,7de1cecb80ba27488731b0676230288ab6213b75,797d09c415c7d1feb23aac5c69c855f207e02f98,2008-04-25 21:29:14 +0000,2008-05-05 21:43:23 +0000,IVY-814,https://issues.apache.org/jira/browse/IVY-814
166,797d09c415c7d1feb23aac5c69c855f207e02f98,74c9be792942b8af66c9ba5648490d36a2c0de88,2008-05-05 21:43:23 +0000,2008-05-08 08:48:10 +0000,IVY-815,https://issues.apache.org/jira/browse/IVY-815
167,4cd2d2256ae019fa32705e865ae2e95623ec35cc,951b253fc38c09114d0fe273a3758a15c151a8b4,2008-09-04 06:08:57 +0000,2008-09-06 20:32:48 +0000,IVY-818,https://issues.apache.org/jira/browse/IVY-818
168,a3d7b4843462cfabb8f43a5386a2144b9d054b29,b08ebfc2aac20bd7129ebb579a5a315f6d0e9e9e,2008-05-22 21:43:34 +0000,2008-05-26 19:59:30 +0000,IVY-821,https://issues.apache.org/jira/browse/IVY-821
169,e199007407f260730284c5917a85ca8ac3f57fcd,6c7c02162f1c6437cdfa98b881251827ccb696e5,2008-06-03 09:23:40 +0000,2008-06-03 12:42:21 +0000,IVY-825,https://issues.apache.org/jira/browse/IVY-825
170,6c7c02162f1c6437cdfa98b881251827ccb696e5,e3fa880da97c75d598c6a9b826c6144998727ce6,2008-06-03 12:42:21 +0000,2008-06-04 21:51:27 +0000,IVY-826,https://issues.apache.org/jira/browse/IVY-826
171,1ca42dd87c8af6964d4e4de47657f0dadf0c0356,7ab2d5be0b4abda6971f50d2002c3c615c770b29,2008-06-12 10:16:46 +0000,2008-06-12 10:31:27 +0000,IVY-837,https://issues.apache.org/jira/browse/IVY-837
172,d6829773e13ba5156aeedfb9af11b01497597669,b7a091ad6cdf09a0b007e5fe2c02d811b6d70428,2008-06-12 22:23:44 +0000,2008-06-13 21:11:22 +0000,IVY-840,https://issues.apache.org/jira/browse/IVY-840
173,ae6d4c23378e2c2ebf9d72a88278a7e91d1be88a,5a8ac6281ab6ef236a8742059aae81cfda0c87be,2008-07-04 07:33:32 +0000,2008-07-04 10:53:51 +0000,IVY-843,https://issues.apache.org/jira/browse/IVY-843
174,7ab71f3f05b412ebd65bfa38f0707c26285dd7a3,246091e9b84f897ddab6e6f548009401d3e0d5ea,2008-07-23 20:25:26 +0000,2008-07-23 22:06:48 +0000,IVY-854,https://issues.apache.org/jira/browse/IVY-854
175,a3939fcf74754447d6430cd32048761331587458,4f0e9a0acb4a7f647a513bff0fff11b85ec2109b,2008-07-08 16:16:00 +0000,2008-07-09 07:45:23 +0000,IVY-860,https://issues.apache.org/jira/browse/IVY-860
176,e0ac90c41014d6b2cc49313dc4190474db0b2254,f94ef5f669830850e7b668ae150a436276fa33ee,2008-07-09 08:23:37 +0000,2008-07-09 14:23:22 +0000,IVY-861,https://issues.apache.org/jira/browse/IVY-861
177,a8e22c5d18eaccc539f266df5e5a8f4ae52ea1ef,b88e17ca8fa4eb7ba86886ed8f2a33875c55b223,2008-08-25 14:51:26 +0000,2008-08-25 21:56:56 +0000,IVY-864,https://issues.apache.org/jira/browse/IVY-864
178,2607e032c31d01544c4b3eb18f95529928a5a087,c919633331c550f5739c9495cc83411c9269cf3c,2008-09-15 07:50:45 +0000,2008-09-15 08:54:57 +0000,IVY-867,https://issues.apache.org/jira/browse/IVY-867
179,d05d80788f787c91d8a603be70d12a2e5c3847d4,28b71bd41d8724575b6ef239890682a923c2cc86,2008-08-04 17:57:10 +0000,2008-08-05 21:45:49 +0000,IVY-873,https://issues.apache.org/jira/browse/IVY-873
180,56904e74ff41ba72f590c33342389bf1cb78111f,b1cfd88a8c23302077bda847f4da7f0b5fc59ec1,2008-09-02 13:24:01 +0000,2008-09-02 16:33:16 +0000,IVY-874,https://issues.apache.org/jira/browse/IVY-874
181,b506d8f19d8ec4bac1fa869c0885ad4364f4d31b,6d6d34af69292a41f77162ab43984daeee54cac0,2008-08-20 22:30:44 +0000,2008-08-22 15:32:18 +0000,IVY-882,https://issues.apache.org/jira/browse/IVY-882
182,94d07bcb20eb4b201725f8a1fc108fb1236f3aa7,b506d8f19d8ec4bac1fa869c0885ad4364f4d31b,2008-08-14 14:11:20 +0000,2008-08-20 22:30:44 +0000,IVY-884,https://issues.apache.org/jira/browse/IVY-884
183,b1cfd88a8c23302077bda847f4da7f0b5fc59ec1,6e710a1f78a4a733020a4b2d1f07b6fe4c6684f0,2008-09-02 16:33:16 +0000,2008-09-02 20:13:38 +0000,IVY-885,https://issues.apache.org/jira/browse/IVY-885
184,cf0b494e4d528e9e514aba908d68bdfa1f844cc1,aaa2583f35f67f2a2c8d3381cad144cc7ba39f3e,2008-09-01 12:10:09 +0000,2008-09-01 21:52:35 +0000,IVY-888,https://issues.apache.org/jira/browse/IVY-888
185,aa67426d68bbf463f7cbf733aa28d9ac2e761482,eadc1e3453c249e30932f0be29dc55088eafd48f,2008-09-09 15:50:15 +0000,2008-09-10 22:25:06 +0000,IVY-898,https://issues.apache.org/jira/browse/IVY-898
186,3d8ad2975bdb9f1c79d2bed5ecd8fc68517c0498,7376c5f6778693e74a3dc17da01ca3f40ec12e23,2008-09-10 22:29:09 +0000,2008-09-12 19:58:45 +0000,IVY-901,https://issues.apache.org/jira/browse/IVY-901
187,01585cb7b49bf0dafb3d6701cf2babbbb5e137a1,a92e3e29b6d5ce11b16c0a0a6437fc246039b7e4,2008-09-26 12:32:09 +0000,2008-09-26 20:16:10 +0000,IVY-920,https://issues.apache.org/jira/browse/IVY-920
188,f54a5d5c88cf1398ccb8b02d63d9910cd716caa5,86b9dbd0254ac20a450c8b42949020074eb8b60a,2008-10-01 20:56:39 +0000,2008-10-01 21:00:57 +0000,IVY-925,https://issues.apache.org/jira/browse/IVY-925
189,f3539c7eb312b127122084279002d3fd238c9a17,cd9f86bada5c6016badedb214c0b929ebce90271,2008-09-29 22:47:12 +0000,2008-09-30 20:34:15 +0000,IVY-926,https://issues.apache.org/jira/browse/IVY-926
190,7aa5ba380ef6aea0f2f594873b4c7378adab0f18,5fe1d584d0be0dfa750259944fe81d43d8f8e095,2008-09-30 22:22:12 +0000,2008-10-01 14:41:39 +0000,IVY-927,https://issues.apache.org/jira/browse/IVY-927
191,5fe1d584d0be0dfa750259944fe81d43d8f8e095,42d6d4f0a8fd700b6c802ea6c0a1915444e8dd64,2008-10-01 14:41:39 +0000,2008-10-01 14:50:18 +0000,IVY-928,https://issues.apache.org/jira/browse/IVY-928
192,d37e4230175b1056c46d730560e31d7f981dde18,c342635a4694995e4eaca74d8e5eff81a7e5d2e7,2008-10-17 21:58:23 +0000,2008-10-20 21:47:15 +0000,IVY-929,https://issues.apache.org/jira/browse/IVY-929
193,1733cf35ad639ef832376c926f0a0629c4451adb,cd19bdef4200a0d04edd438dafb07f0b29aa6076,2008-10-01 21:12:02 +0000,2008-10-01 21:21:11 +0000,IVY-930,https://issues.apache.org/jira/browse/IVY-930
194,4b60ce845472fd18d6d631a29d3c11781c943b04,4e52d16c4cf767f488d4e3265019d1fe03fda4dd,2008-10-21 19:52:44 +0000,2008-10-21 21:03:57 +0000,IVY-931,https://issues.apache.org/jira/browse/IVY-931
195,2cbea2ac393c852416c9a14c96aaf47920c561a5,9c831fa54599e7f4465a09a60e487c4ba4127cfb,2008-10-02 19:46:20 +0000,2008-10-02 20:19:59 +0000,IVY-932,https://issues.apache.org/jira/browse/IVY-932
196,9c831fa54599e7f4465a09a60e487c4ba4127cfb,93f45164ce744b58e1ab9f4e05028a64742de472,2008-10-02 20:19:59 +0000,2008-10-04 20:56:36 +0000,IVY-935,https://issues.apache.org/jira/browse/IVY-935
197,93f45164ce744b58e1ab9f4e05028a64742de472,4708138cb7de377a96fe17288a1daba43d7c8357,2008-10-04 20:56:36 +0000,2008-10-06 21:02:33 +0000,IVY-936,https://issues.apache.org/jira/browse/IVY-936
198,4708138cb7de377a96fe17288a1daba43d7c8357,fcff7ed74d0482eb60791adb0b82c2ca00e1de59,2008-10-06 21:02:33 +0000,2008-10-13 21:42:26 +0000,IVY-940,https://issues.apache.org/jira/browse/IVY-940
199,46597c63e3d1f57c72da9c37e012d14bbaa8824c,1a0852ffcd26a6ed2345b82a98107c27a1cd0d2a,2008-10-15 19:34:00 +0000,2008-10-17 21:55:13 +0000,IVY-948,https://issues.apache.org/jira/browse/IVY-948
200,e6037c6b99e0c15121b118ddfa526140bec28931,fffe2ee6cd3b67aabb36f656f47f09591bc355e2,2008-10-20 22:57:56 +0000,2008-10-21 19:26:15 +0000,IVY-949,https://issues.apache.org/jira/browse/IVY-949
201,73c4065d785fd25e363077e735b96b02fa64b810,959cb4977a82c3e597282c03a85fc7d9cce69844,2008-10-20 22:45:13 +0000,2008-10-20 22:54:23 +0000,IVY-950,https://issues.apache.org/jira/browse/IVY-950
202,abd0b37f0a553de2b64f3d9379058e7747939228,73c4065d785fd25e363077e735b96b02fa64b810,2008-10-20 22:26:49 +0000,2008-10-20 22:45:13 +0000,IVY-951,https://issues.apache.org/jira/browse/IVY-951
203,a5133225ce21a722e3656cbdc1b65213e0892cfc,e2984395d296213a96bc03a618c072648570f04a,2008-10-27 21:12:35 +0000,2008-10-28 20:32:51 +0000,IVY-958,https://issues.apache.org/jira/browse/IVY-958
204,71ea6c7ca9eef1d592312217d3c523f244b2d4a6,cc06ae9bf7a1fb6cee46c40d2a6388ac05d3f5d1,2008-10-29 22:33:05 +0000,2008-10-29 22:51:22 +0000,IVY-959,https://issues.apache.org/jira/browse/IVY-959
205,3ac3caed42aafd0b82e33cb172e69339bf9e071f,beff2feb9d015b7e34102e378f47eaface5c7023,2009-11-22 22:18:59 +0000,2009-11-30 22:35:17 +0000,IVY-968,https://issues.apache.org/jira/browse/IVY-968
206,d998be61d8258c3bc9d87fdc228c1898ec870de1,40aee3954ff7fbb9db6b367ae63e6b05dfa6199c,2009-03-03 21:00:58 +0000,2009-03-03 21:56:28 +0000,IVY-974,https://issues.apache.org/jira/browse/IVY-974
207,aeb410f6c22ccdffe0ec7bde2a1b86e7a2e4d2a2,b29a54de898c427355637e3060083255aadade17,2009-02-13 11:39:48 +0000,2009-02-13 12:39:11 +0000,IVY-982,https://issues.apache.org/jira/browse/IVY-982
208,0642a6f1da5e8e6b9d0d44090eee1ee95de4e19c,9b5e9fdd591b6d3d628780c2af0ba428b0d6ef63,2009-03-05 23:17:41 +0000,2009-03-08 21:32:52 +0000,IVY-987,https://issues.apache.org/jira/browse/IVY-987
209,fbf34fb3da0877a22620a4686e1fe75f4f415407,aeb410f6c22ccdffe0ec7bde2a1b86e7a2e4d2a2,2009-02-11 07:31:29 +0000,2009-02-13 11:39:48 +0000,IVY-992,https://issues.apache.org/jira/browse/IVY-992
210,12dc2b1ba024fbbcbae298df9c135700ecbb424c,db2ccbe53689c54303b6498eb63ad8c7d9c66777,2009-01-12 22:44:50 +0000,2009-01-14 21:22:01 +0000,IVY-999,https://issues.apache.org/jira/browse/IVY-999
211,335574c8bbb0cbbcd2cb919096fea2a341c6d5e7,ac5fc2cacdea64878aa0bb9c0c397d45caff9f63,2009-02-02 09:04:49 +0000,2009-02-04 21:12:06 +0000,IVY-1007,https://issues.apache.org/jira/browse/IVY-1007
212,ac5fc2cacdea64878aa0bb9c0c397d45caff9f63,8962bc40f7843e109f679f1cf869338566579b58,2009-02-04 21:12:06 +0000,2009-02-04 21:31:05 +0000,IVY-1009,https://issues.apache.org/jira/browse/IVY-1009
213,d6be67b284ad5c950af2b5008d0124207e92434c,0309c6333348d91761617c81f1ee757480eda7c7,2009-01-15 07:16:27 +0000,2009-01-24 11:00:40 +0000,IVY-1012,https://issues.apache.org/jira/browse/IVY-1012
214,e4fec6de05865940c4ee2370077b925adfc52dde,0642a6f1da5e8e6b9d0d44090eee1ee95de4e19c,2009-03-05 22:10:24 +0000,2009-03-05 23:17:41 +0000,IVY-1041,https://issues.apache.org/jira/browse/IVY-1041
215,5e0edca229ed9f54e3ca25959943c64b4b3d33f5,22dd74e245b5ec3a5346b8bd20f73a36f9572bb3,2012-03-06 10:25:59 +0000,2012-03-06 22:20:32 +0000,IVY-1052,https://issues.apache.org/jira/browse/IVY-1052
216,4ea703295986fead44848f8edc1ed4d8fea309e1,be2aa80bc371d600ab2230c545051ea6454577f5,2009-04-10 21:38:47 +0000,2009-04-15 21:27:17 +0000,IVY-1058,https://issues.apache.org/jira/browse/IVY-1058
217,be2aa80bc371d600ab2230c545051ea6454577f5,d282711600f0af14ee4b165d886d30eb3090a383,2009-04-15 21:27:17 +0000,2009-04-16 21:52:30 +0000,IVY-1066,https://issues.apache.org/jira/browse/IVY-1066
218,afc1dbf04e163963fe32d080c889eabe3bffdfd8,ebb65f0dc2e7ae6099f40837bf7c78f1e12f97de,2009-06-01 17:58:28 +0000,2009-06-09 21:27:58 +0000,IVY-1069,https://issues.apache.org/jira/browse/IVY-1069
219,d40c01673e866c3c3b5b51bce66e9518924cc31c,f7acab1f6c720cf0588fee9aa5f01f6d3000f6c3,2009-07-29 22:23:14 +0000,2009-08-03 06:59:10 +0000,IVY-1102,https://issues.apache.org/jira/browse/IVY-1102
220,0082e0192a5b706ca2777efd7097814cf64803ee,8af923c22d837f34834fd50d0b05eba8ed0d1a54,2009-07-27 22:32:28 +0000,2009-07-29 22:15:14 +0000,IVY-1106,https://issues.apache.org/jira/browse/IVY-1106
221,8b57b6e537a9f37b70b769ebd9d6d44130c5c0ad,d3ecb70f56f0324b490e7d9dd3189c8369e48946,2009-09-29 22:11:48 +0000,2009-10-01 21:31:46 +0000,IVY-1111,https://issues.apache.org/jira/browse/IVY-1111
222,19cdfee2eb82d2d0eb911e49652abae7fefb8bb6,3fef1a85b54dac28bdc63dabc84b27be78021cc4,2009-09-06 08:37:34 +0000,2009-09-25 21:53:45 +0000,IVY-1119,https://issues.apache.org/jira/browse/IVY-1119
223,8e1addfc56ff9b554bfb00e28ba359db28c075fe,771f3bd0fcdde9bb5b7aa760adfead2d5da7a43c,2009-10-01 21:43:34 +0000,2009-10-01 21:54:57 +0000,IVY-1120,https://issues.apache.org/jira/browse/IVY-1120
224,929ff9adfe987f7677c276fb7642fa1fafc6a190,8b57b6e537a9f37b70b769ebd9d6d44130c5c0ad,2009-09-25 22:03:11 +0000,2009-09-29 22:11:48 +0000,IVY-1124,https://issues.apache.org/jira/browse/IVY-1124
225,31fd31d27c662f225c9d0045f4d34a90b4d9a3e3,0d7777b3a9549cf48a7c29bb26f5f8b537897d28,2009-10-23 22:22:04 +0000,2009-10-25 21:44:16 +0000,IVY-1131,https://issues.apache.org/jira/browse/IVY-1131
226,12060a3336f8beb084ce6c88f2672499ab56d744,05712301fc723113436c12d59aafeda4097105a3,2009-10-22 19:18:19 +0000,2009-10-23 18:42:40 +0000,IVY-1133,https://issues.apache.org/jira/browse/IVY-1133
227,51af5a246d8c0c94ec56f8d6e70787c2a73e6da0,3ac3caed42aafd0b82e33cb172e69339bf9e071f,2009-11-17 21:55:35 +0000,2009-11-22 22:18:59 +0000,IVY-1142,https://issues.apache.org/jira/browse/IVY-1142
228,ee824ddaa092e762f76dc5e9b2f1b3405bab85d8,e2330b08a64f5e91e4f6526c940b1d88586d608e,2009-11-30 23:06:27 +0000,2009-12-02 21:13:21 +0000,IVY-1145,https://issues.apache.org/jira/browse/IVY-1145
229,e2330b08a64f5e91e4f6526c940b1d88586d608e,4bd9a6362a852d8a066c006ae3bc5a1f517ac82f,2009-12-02 21:13:21 +0000,2009-12-03 20:10:23 +0000,IVY-1147,https://issues.apache.org/jira/browse/IVY-1147
230,47e26f11f0901db6f132a3328b64dfbcc459a7a0,26c458f09bc858537d02b3749868e8318b167a68,2009-12-16 22:43:13 +0000,2009-12-18 20:24:48 +0000,IVY-1150,https://issues.apache.org/jira/browse/IVY-1150
231,c54a68625c1fd6ba7c2928b3989e2fcfd6d13dbe,2e96cd40c91e1b40196d0d50a9e9c36e04b8465a,2010-06-09 20:57:32 +0000,2010-06-09 21:14:51 +0000,IVY-1159,https://issues.apache.org/jira/browse/IVY-1159
232,c443b39bd623e94277af5cc835b04ac8901f5084,fc939bf6838f4bf986e0b42fddee3df6712371a5,2010-01-07 23:15:30 +0000,2010-01-12 10:09:16 +0000,IVY-1162,https://issues.apache.org/jira/browse/IVY-1162
233,79b2633547be4813e424ccc9b7df3f74d6a34568,c819598e9fb2ce0f2e7cdfe26b084f582bbee0c6,2010-02-10 22:13:09 +0000,2010-02-10 22:34:40 +0000,IVY-1167,https://issues.apache.org/jira/browse/IVY-1167
234,2c0137ed01ca0eca069843aa6bf2b64b76626780,c66246c26429180e6a1d1a92499b8d2b637790a5,2010-02-20 21:44:11 +0000,2010-02-22 22:37:54 +0000,IVY-1168,https://issues.apache.org/jira/browse/IVY-1168
235,33deae33c51d391f9fa1ca0a19fad921d16e93d1,eac471eefed0baa2546d98a089d185b41199d9db,2010-02-03 21:02:28 +0000,2010-02-10 22:01:29 +0000,IVY-1169,https://issues.apache.org/jira/browse/IVY-1169
236,3197015c0d2efd8588faaf89e2ef30fba433dd56,37f373401c3fefa832be0d52f617f0711b0bb831,2010-05-31 19:48:33 +0000,2010-05-31 20:57:10 +0000,IVY-1170,https://issues.apache.org/jira/browse/IVY-1170
237,6092537b8ab64543e0a5cc653ee0cf77d42dca37,27671a8bcd25de274c664aabfff6778ebc29af52,2010-03-02 23:54:08 +0000,2010-03-14 22:52:00 +0000,IVY-1175,https://issues.apache.org/jira/browse/IVY-1175
238,6cb1474f156d0cc01ed82f5ba39f85f1c01c6366,c4355851dbbc6c232ddd228e7e724a725783fa92,2010-04-08 21:34:33 +0000,2010-04-21 21:40:59 +0000,IVY-1179,https://issues.apache.org/jira/browse/IVY-1179
239,0baa78fc53467ec1e46db1c52877a3973f753d6b,7f640b0badf5106821908fcae610400849cdccc5,2010-06-07 21:58:18 +0000,2010-06-09 18:40:35 +0000,IVY-1186,https://issues.apache.org/jira/browse/IVY-1186
240,e3bfbba28bd950d703b9a46d477a18bcb0cdfe7f,84fd1dd099e6d44cdc5a2d6718197022f257dce9,2011-12-29 07:29:22 +0000,2012-01-01 14:25:49 +0000,IVY-1206,https://issues.apache.org/jira/browse/IVY-1206
241,01bd69f460be80856019fbaf45f6c626ff68f65b,6d4b512cb151446b90874d5046ab6833904f5bfe,2010-07-16 20:40:37 +0000,2010-07-18 20:56:30 +0000,IVY-1207,https://issues.apache.org/jira/browse/IVY-1207
242,815fa4b995f7ffe7fa789a9ad34b72d32fc417c1,5e0edca229ed9f54e3ca25959943c64b4b3d33f5,2012-03-04 06:39:54 +0000,2012-03-06 10:25:59 +0000,IVY-1213,https://issues.apache.org/jira/browse/IVY-1213
243,71a4f580751cf216bec67cef2d3016519392be62,b852c5bca696b7f971b3240ec8244f4e537f90ec,2010-09-16 12:19:06 +0000,2010-09-16 22:03:26 +0000,IVY-1225,https://issues.apache.org/jira/browse/IVY-1225
244,538cafa86bcbfe26e4139da93fe209f79c0af295,9c7f6d421223e6f76e67729b01ecc7f356eb3a29,2011-07-27 15:56:26 +0000,2011-08-11 21:32:39 +0000,IVY-1229,https://issues.apache.org/jira/browse/IVY-1229
245,3fb24bfaab21c8caadd8fe745a8d22f176adf799,8eef77b6fed7879f76ab660adde246417dbce2c5,2010-09-22 22:17:53 +0000,2010-09-23 20:27:53 +0000,IVY-1232,https://issues.apache.org/jira/browse/IVY-1232
246,8eef77b6fed7879f76ab660adde246417dbce2c5,9ea96f02662dc2f862211a0c8882daf3a59b0b90,2010-09-23 20:27:53 +0000,2010-09-28 22:01:22 +0000,IVY-1234,https://issues.apache.org/jira/browse/IVY-1234
247,c75e67e48a456f472db834f4e11a00d7ca997ca4,3222754b7da18c32492e5678a016bcb7fa8d7faf,2011-01-04 22:37:43 +0000,2011-01-05 22:55:07 +0000,IVY-1236,https://issues.apache.org/jira/browse/IVY-1236
248,4dc3f9ce26e7fe0e339b731ca417554abcb92e43,2dc3e2207a1dc877cf6c559441dc686ee24a2240,2010-10-08 20:50:45 +0000,2010-10-17 09:02:27 +0000,IVY-1237,https://issues.apache.org/jira/browse/IVY-1237
249,2dc3e2207a1dc877cf6c559441dc686ee24a2240,6ab9d41e3e9fac941966d877e57f54b49003a8a4,2010-10-17 09:02:27 +0000,2010-10-18 21:48:41 +0000,IVY-1238,https://issues.apache.org/jira/browse/IVY-1238
250,6ab9d41e3e9fac941966d877e57f54b49003a8a4,9cc97b92d641eafcf25ddb8b5e5a073c1997ddd5,2010-10-18 21:48:41 +0000,2010-10-21 16:45:31 +0000,IVY-1240,https://issues.apache.org/jira/browse/IVY-1240
251,ffd4bc6027a4276a156f6c783158718e9eec88f7,2ba44683bc529d53a1488ac380d06c4c691f2a52,2010-10-27 16:00:33 +0000,2010-11-02 13:19:55 +0000,IVY-1243,https://issues.apache.org/jira/browse/IVY-1243
252,ac3c4d8080ff6bc5a760d1d3deb375b3d2cd608d,9ee47ff010d171e3634581f42ed3bcf389635531,2010-11-20 09:50:58 +0000,2010-11-20 10:07:31 +0000,IVY-1248,https://issues.apache.org/jira/browse/IVY-1248
253,2227834f29eb0751c8c3896847903506a63514b2,ac3c4d8080ff6bc5a760d1d3deb375b3d2cd608d,2010-11-19 14:21:37 +0000,2010-11-20 09:50:58 +0000,IVY-1250,https://issues.apache.org/jira/browse/IVY-1250
254,eccfd928f1c314747dc74d7f1e93c04db13a30cf,523d0f70d18b5496008c9063b9f6e9321877d574,2011-03-15 21:26:31 +0000,2011-03-15 23:11:16 +0000,IVY-1268,https://issues.apache.org/jira/browse/IVY-1268
255,bdc6a3a7620346a2e2c15f36123fd05286dab3c9,02efe9eb38b8eba5063a95d2edbd6bc9398db229,2011-06-08 14:02:12 +0000,2011-07-13 08:52:57 +0000,IVY-1304,https://issues.apache.org/jira/browse/IVY-1304
256,02efe9eb38b8eba5063a95d2edbd6bc9398db229,be8e6831821a9f315de1dae8608ea6acc55b0fc9,2011-07-13 08:52:57 +0000,2011-07-16 16:08:55 +0000,IVY-1305,https://issues.apache.org/jira/browse/IVY-1305
257,6d5ba656e29b24764d0bf78c35421a07cfb97739,82fae244b7e1b29328557e6ad6965b54bb12e4f9,2012-01-15 19:48:12 +0000,2012-01-22 23:59:40 +0000,IVY-1320,https://issues.apache.org/jira/browse/IVY-1320
258,82fae244b7e1b29328557e6ad6965b54bb12e4f9,425c28f75c8a7b7b81cd635ce8a95df4f99cb163,2012-01-22 23:59:40 +0000,2012-02-14 22:40:53 +0000,IVY-1324,https://issues.apache.org/jira/browse/IVY-1324
259,aefb24facc745fdec7b16fa28aac6538e4a8b00c,899f9fd0a9690581f33a715bb5f000397f1bafef,2012-01-02 00:08:20 +0000,2012-01-04 20:41:10 +0000,IVY-1328,https://issues.apache.org/jira/browse/IVY-1328
260,074d2bc016cc3dfaec957f9c2d756a8e52fb9a8f,2db4eb59d4080d28e113e6ebe679b17f91222bf4,2012-01-15 15:38:37 +0000,2012-01-15 17:51:24 +0000,IVY-1329,https://issues.apache.org/jira/browse/IVY-1329
261,3e826a6068564ab959d288a2c43169a387e46965,49ac3477d6d18eee53d40d0d0488a319f07c634b,2012-02-14 22:44:20 +0000,2012-02-14 23:18:51 +0000,IVY-1335,https://issues.apache.org/jira/browse/IVY-1335
262,22dd74e245b5ec3a5346b8bd20f73a36f9572bb3,f69d1d571eaf96d789d2c65c9515b815ca3285c7,2012-03-06 22:20:32 +0000,2012-03-06 22:47:49 +0000,IVY-1338,https://issues.apache.org/jira/browse/IVY-1338
263,65a2a7da3ec5a9c41a6279c55d7b8a2c239bee56,63b85e9c1489baed177698da20ab1cead3065cee,2012-03-23 22:27:47 +0000,2012-03-23 23:11:41 +0000,IVY-1340,https://issues.apache.org/jira/browse/IVY-1340
264,a3011aceedcc80ca891d9bc7df68e9a54a807ccc,c66b23747627a2b432e0068561d457cab9f97ead,2014-04-14 21:30:45 +0000,2014-04-27 18:19:50 +0000,IVY-1399,https://issues.apache.org/jira/browse/IVY-1399
265,d9472a43be616a7a4fff4f4b328f5082628dd2f4,64a64f5ef90dfb4b3b862d0943437f11e35db938,2013-01-31 22:35:43 +0000,2013-01-31 22:38:20 +0000,IVY-1400,https://issues.apache.org/jira/browse/IVY-1400
266,d0f7f364ff959a69ab961eda69956bd42bc17815,585a702138f1cc87df3b41509cc42ad34b6acd62,2017-07-10 05:37:02 +0530,2017-07-12 08:05:15 +0200,IVY-1404,https://issues.apache.org/jira/browse/IVY-1404
267,88b9c3081d701bf6203ebbfa25c97277722a9c37,8c5a4a7bafc3685d433ee277fad060e8b046e920,2013-02-26 15:54:28 +0000,2013-02-28 22:50:44 +0000,IVY-1412,https://issues.apache.org/jira/browse/IVY-1412
268,b7ede187f60719aa24a52f8159a7d8a47965f0f6,70f4b5549622b0ccc70bd2087700c510f10fc6f0,2013-12-27 21:54:52 +0000,2013-12-27 23:07:57 +0000,IVY-1423,https://issues.apache.org/jira/browse/IVY-1423
269,d6a354e203e4901d3eb6a36b3aba620fdb222da7,bca350df1f52134e8543774dd5df4c5dfae357cb,2013-07-23 15:22:45 +0000,2013-07-25 21:35:08 +0000,IVY-1424,https://issues.apache.org/jira/browse/IVY-1424
270,12d3f281814ad5be2d1012b9ea41781414724529,5240c8825896997f0845e354a51b1ac725dfe06b,2015-08-30 15:12:32 +0200,2015-09-06 12:14:58 +0200,IVY-1430,https://issues.apache.org/jira/browse/IVY-1430
271,9b2d0e390912a83994dec719b3603daca98790a1,e1fc87d2d57c2d7ee941e651f33b582fb000dd73,2013-09-01 18:08:36 +0000,2013-09-08 14:48:35 +0000,IVY-1438,https://issues.apache.org/jira/browse/IVY-1438
272,e1fc87d2d57c2d7ee941e651f33b582fb000dd73,d7b7c8a84583937deddc1ab88c54f46ca70cfdcd,2013-09-08 14:48:35 +0000,2013-10-03 16:59:02 +0000,IVY-1441,https://issues.apache.org/jira/browse/IVY-1441
273,7217b9d270e31fe1e68803c8e25b0a03869f1556,ac266c0e40b5d09f9f9f1e300f358ee1532f7aa5,2016-11-09 00:48:48 +0100,2016-11-30 23:13:23 +0100,IVY-1444,https://issues.apache.org/jira/browse/IVY-1444
274,9f5f0c09886964b75a9804b08ec77ee5bf72e902,902a680951f318488a4bbe0184a3a223c5709b01,2014-10-26 18:43:16 +0100,2014-10-27 23:36:39 +0100,IVY-1452,https://issues.apache.org/jira/browse/IVY-1452
275,86d1c40475d6962e6ad256f248636467bf0a58cf,fe487b3336f8279d8b74eff05c5ebfe6e01281f0,2014-05-11 20:38:12 +0000,2014-05-13 16:52:49 +0000,IVY-1471,https://issues.apache.org/jira/browse/IVY-1471
276,fe487b3336f8279d8b74eff05c5ebfe6e01281f0,3e5c9e3cfe8588f85ec8dcab879c1371901b94ba,2014-05-13 16:52:49 +0000,2014-05-22 21:12:24 +0000,IVY-1472,https://issues.apache.org/jira/browse/IVY-1472
277,9967600bdf3b856f00c9078282847d76410140b4,c4bb60046de9ffdd1cf07cfcdba201df06b194dd,2016-11-30 23:17:09 +0100,2016-12-12 23:48:36 +0100,IVY-1482,https://issues.apache.org/jira/browse/IVY-1482
278,902a680951f318488a4bbe0184a3a223c5709b01,b84f786db6d85cbf9973adfccdf135cb71824b87,2014-10-27 23:36:39 +0100,2014-10-27 23:37:04 +0100,IVY-1493,https://issues.apache.org/jira/browse/IVY-1493
279,a5f67ad88d67c6df250c79e28dfa198b8adc8178,da7d5df6de444468ebdb4b79ae0d0dc3ac90b59d,2015-06-01 22:33:32 +0200,2015-08-30 13:51:44 +0200,IVY-1526,https://issues.apache.org/jira/browse/IVY-1526
280,f463013f34a5c5c61b7dba22c9ed4096fbd3b218,7217b9d270e31fe1e68803c8e25b0a03869f1556,2016-11-09 00:03:22 +0100,2016-11-09 00:48:48 +0100,IVY-1539,https://issues.apache.org/jira/browse/IVY-1539
281,55e6b039acd666bcf4a8bc70a6380178b881c08a,537e13241a7ffd99e5a3676e574e3cd9ea9aae03,2018-02-08 13:15:34 +0530,2018-02-09 03:47:56 +0530,IVY-1545,https://issues.apache.org/jira/browse/IVY-1545
282,47283254c2fcac690af038b44edf33e71e3e3ba7,7b7b37726fb328a6d796b64f2947689c6a8eb3e9,2016-11-08 23:34:45 +0100,2016-11-08 23:56:36 +0100,IVY-1549,https://issues.apache.org/jira/browse/IVY-1549
283,1c23268d775b1d10c5f6fa55cfd07965949cf036,aed63ae84f10aa758a905d5827994068edb71e0d,2017-06-18 13:46:05 +0530,2017-06-18 14:08:15 +0530,IVY-1557,https://issues.apache.org/jira/browse/IVY-1557
284,b691f81b482175665b45cabc056e58ab0df03ff8,0cdcb1fd8df9e9185cd3abb128d927d25d7de8b5,2017-08-25 17:26:46 +0200,2017-08-28 11:47:22 +0530,IVY-1566,https://issues.apache.org/jira/browse/IVY-1566
